{
  "$schema": "https://mintlify.com/docs.json",
  "theme": "mint",
  "name": "NUSD",
  "colors": {
    "primary": "#16A34A",
    "light": "#07C983",
    "dark": "#15803D"
  },
  "favicon": "/favicon.ico",
  "api": {
    "playground": {
      "display": "interactive"
    },
    "examples": {
      "languages": ["curl", "python", "javascript", "go", "java"],
      "defaults": "required",
      "prefill": true
    }
  },
  "navigation": {
    "tabs": [
      {
        "tab": "API接口",
        "groups": [
          {
            "group": "统一说明",
            "pages": [
              "index",
              "pages/domains",
              "pages/request",
              "pages/encrypt",
              "pages/status",
              "pages/chain"
            ]
          },
          {
            "group": "公共接口",
            "pages": [
              "api-reference/endpoint/chains",
              "api-reference/endpoint/tokens",
              "api-reference/endpoint/addressVerify"
            ]
          },
          {
            "group": "钱包接口",
            "pages": [
              "api-reference/endpoint/address",
              "api-reference/endpoint/balance"
            ]
          },
          {
            "group": "交易接口",
            "pages": [
              "api-reference/endpoint/fees",
              "api-reference/endpoint/withdraw",
              "api-reference/endpoint/withdrawList",
              "api-reference/endpoint/withdrawDetail"
            ]
          },
          {
            "group": "Checkout 集成",
            "pages": [
              "api-reference/endpoint/createAddress",
              "pages/checkout"
            ]
          },
          {
            "group": "Webhook",
            "pages": [
              "pages/webhook",
              "pages/webhook-deposit",
              "pages/webhook-withdraw"
            ]
          },
          {
            "group": "错误码",
            "pages": [
              "pages/error-code"
            ]
          }
        ]
      }
    ]
  },
  "logo": {
    "light": "/logo/light.png",
    "dark": "/logo/dark.png"
  },
  "navbar": {
  },
  "footer": {
  }
}
