{
  "$schema": "https://mintlify.com/docs.json",
  "theme": "mint",
  "name": "NUSD",
  "colors": {
    "primary": "#16A34A",
    "light": "#07C983",
    "dark": "#15803D"
  },
  "favicon": "/favicon.ico",
  "api": {
    "playground": {
      "display": "simple"
    },
    "examples": { "languages": [] }
  },
  "navigation": {
    "tabs": [
      {
        "tab": "API接口",
        "groups": [
          {
            "group": "统一说明",
            "pages": [
              "index",
              "pages/request",
              "pages/encrypt",
              "pages/status"
            ]
          },
          {
            "group": "接口说明",
            "pages": [
              "api-reference/endpoint/createAddress"
            ]
          },
          {
            "group": "Webhook",
            "pages": [
              "pages/webhook"
            ]
          },
          {
            "group": "错误码",
            "pages": [
              "pages/error-code"
            ]
          }
        ]
      }
    ]
  },
  "logo": {
    "light": "/logo/light.png",
    "dark": "/logo/dark.png"
  },
  "navbar": {
  },
  "footer": {
  }
}
